"fishing.guild";"EXPOSURE";"SENSITIVITYN";"RECOVERY.POTN2"
"1";"A Coruna_mix";0.217338502080591;0.341215407665669;0.408567314614831
"2";"A Guarda";0.705150856120759;0.343598107349696;0.213102951763859
"3";"Aguino";0.473576294531018;0.543875115727252;0.94240460763139
"4";"Baiona";0.705150856120759;0.820588763885144;0.115910727141829
"5";"Bueu";0.807444150460702;0.417668407802789;0.120230381569474
"6";"Burela";0.00522071780391491;0;1
"7";"Camarinas";0;0.209167323443201;0.0413966882649388
"8";"Camelle";0.041637032397775;0.411593207989783;0.115190784737221
"9";"Cangas";0.99319760838181;0.0885339087427398;0.138588912886969
"10";"Carino";0.093002619315528;0.174600319318528;0.101151907847372
"11";"Cedeira";0.162270511337098;0.469281445840861;0.104391648668107
"12";"Celeiro";0.00143405534796824;0.483625915096714;0.0709143268538517
"13";"Corme";0.060398510148189;0.321408442057488;0.110511159107271
"14";"Espasante";0.0926509888115154;0.0358262656457048;0.192841715519901
"15";"Ferrol";0.370476240393189;1;0.161627069834413
"16";"Finisterra";0.180422938516411;0.607522492048421;0.108351331893449
"17";"Laxe";0.0384275747314339;0.269077330142038;0.230947238506634
"18";"Malpica";0.0559308123858859;0.918296054262606;0.301553018615654
"19";"Muxia";0.165206294318713;0.405143663775554;0.160187185025198
"20";"O Barqueiro";0.0383137924079657;0.0401803883219773;0.134166409544379
"21";"O Grove";0.842726290815677;0.721117956633554;0.353954540779595
"22";"O Pindo";0.59981761655556;0.0456922087202484;0.0190784737221022
"23";"O Vicedo";0.0389009490042886;0.450153597022869;0.671911961328808
"24";"Porto do Son";0.690110027175067;0.103904625923277;0.0140388768898488
"25";"Ribadeo";0.0477384850961742;0.580507979359061;0.474493469093901
"26";"Vigo";1;0.898873071087613;0
