;fishing.guild;ECOLOGICAL.VULN;Modality;SENSITIVITYN;ADAPT.MNGMT;ADAPTIVE.CAPN;SOCIOECO.VUL
1;A Coruna_mix;0.395612789;Both;0.4168647;market&weather&stock;0.405172414;0.407305075
2;A Guarda;0.632565723;Both;0.297987482;market&weather&stock;0.402298851;0.528254354
3;Aguino;0.369714794;Both;1;market&weather;0.795977011;0.573737783
4;Baiona;0.830994149;Both;0.429048209;market&weather;0.798850575;0.461191784
5;Bueu;0.725609438;Boat;0;market&weather;0.899425287;-0.173815849
6;Burela;0;Both;0.187743046;market;0.166666667;0.02107638
7;Camarinas;0.401758669;Boat;0.163438787;market&weather;0.054597701;0.510599754
8;Camelle;0.460600851;Boat;0.440511721;market&weather;0.181034483;0.720078089
9;Cangas;0.669714827;Boat;0.130996136;market&weather&stock;0.945402299;-0.144691336
10;Carino;0.401302635;Boat;0.341160321;market&weather;1;-0.257537044
11;Cedeira;0.525957995;Boat;0.378692612;market&weather;0.58045977;0.324190837
12;Celeiro;0.486901934;Both;0.241096289;market&weather;0.465517241;0.262480982
13;Corme;0.437535309;Both;0.345357834;market&weather;0.405172414;0.377720729
14;Espasante;0.32153649;Boat;0.252354922;market&weather;0.252873563;0.321017849
15;Ferrol;0.76153877;Both;0.250376314;None;0.454022989;0.557892095
16;Finisterra;0.578636677;Foot;0.547732726;None;0.471264368;0.655105034
17;Laxe;0.370236925;Both;0.133490546;market&weather;0.42816092;0.075566551
18;Malpica;0.576245149;Both;0.248055626;market;0.132183908;0.692116866
19;Muxia;0.485525517;Both;0.530267799;market&weather;0.158045977;0.857747339
20;O Barqueiro;0.324540387;Boat;0.345208358;market&weather;0.195402299;0.474346446
21;O Grove;0.761898362;Boat;0.025355457;market&weather;0.445402299;0.34185152
22;O Pindo;0.560264481;Foot;0.467178124;None;0;1.027442605
23;O Vicedo;0.280587219;Boat;0.350230568;market&weather;0.514367816;0.116449971
24;Porto do Son;0.61332698;Foot;0.255888206;market&weather;0.152298851;0.716916336
25;Ribadeo;0.396914397;Foot;0.501517704;market&weather&stock;0.764367816;0.134064284
26;Vigo;1;Foot;0.194041829;weather;0.514367816;0.679674013